drug_id,name,mechanism,targets,class,indications,side_effects,administration_route,description
719627,Celecoxib,COX-2 inhibitor,PTGS2,NSAID,"Osteoarthritis, Rheumatoid arthritis, Familial adenomatous polyposis","GI bleeding, cardiovascular events, rash",Oral,"A nonsteroidal anti-inflammatory drug that selectively inhibits COX-2, reducing inflammation with theoretically lower GI risk."
32065,Hydroxyurea,Ribonucleotide reductase inhibitor,"RRM1, RRM2",Chemotherapy,"Sickle cell anemia, Chronic myeloid leukemia (CML), Polycythemia vera","Myelosuppression, macrocytosis, hyperuricemia",Oral,An antimetabolite that prevents DNA synthesis; frequently used to reduce pain crises in sickle cell disease.
45923,Methoxsalen,Photosensitizer,DNA,Psoralen,"Psoriasis, Vitiligo, Cutaneous T-cell lymphoma","Photosensitivity, nausea, skin aging, increased skin cancer risk","Oral, Topical",A psoralen derivative used in conjunction with UVA radiation (PUVA therapy) to treat severe skin disorders.
747974,Raloxifene hydrochloride,Selective estrogen receptor modulator,ESR1,SERM,"Breast cancer prevention, Postmenopausal osteoporosis","Hot flashes, deep vein thrombosis (DVT), leg cramps",Oral,A SERM that acts as an estrogen agonist in bone but an antagonist in breast tissue.
743414,Imatinib mesylate,Tyrosine kinase inhibitor,"BCR-ABL, KIT, PDGFR",Targeted Therapy,"Chronic myeloid leukemia (CML), Gastrointestinal stromal tumors (GIST)","Fluid retention, periorbital edema, nausea, muscle cramps",Oral,A revolutionary targeted therapy that specifically inhibits the BCR-ABL tyrosine kinase in Philadelphia chromosome-positive CML.
701852,Vorinostat,HDAC inhibitor,"HDAC1, HDAC2, HDAC3, HDAC6",Targeted Therapy,Cutaneous T-cell lymphoma (CTCL),"Fatigue, nausea, diarrhea, thrombocytopenia",Oral,"A histone deacetylase (HDAC) inhibitor that alters gene expression, inducing apoptosis in cancer cells."
362856,Temozolomide,Alkylating agent,DNA,Chemotherapy,"Glioblastoma multiforme, Anaplastic astrocytoma","Nausea, vomiting, myelosuppression, fatigue","Oral, Intravenous","An alkylating agent that readily crosses the blood-brain barrier, making it a cornerstone for brain tumor treatment."
122819,Teniposide,Topoisomerase II inhibitor,TOP2A,Chemotherapy,Acute lymphoblastic leukemia (ALL),"Myelosuppression, mucositis, alopecia, hypersensitivity",Intravenous,A cell cycle-specific topoisomerase II inhibitor used primarily in pediatric leukemias.
66847,Thalidomide,Immunomodulatory drug,Cereblon,Immunotherapy,"Multiple myeloma, Erythema nodosum leprosum","Teratogenicity (phocomelia), neuropathy, sedation, thrombosis",Oral,"An immunomodulatory drug infamous for historical birth defects, now highly restricted and used for specific cancers and leprosy."
82151,Daunorubicin hydrochloride,Anthracycline/DNA Intercalator,"DNA, TOP2A",Chemotherapy,"Acute myeloid leukemia (AML), Acute lymphoblastic leukemia (ALL)","Cardiotoxicity, myelosuppression, red urine, alopecia",Intravenous,"An anthracycline antibiotic that intercalates DNA, primarily used for induction therapy in leukemias."
123127,Doxorubicin hydrochloride,Anthracycline/DNA Intercalator,"DNA, TOP2A",Chemotherapy,"Breast cancer, Lymphomas, Sarcomas","Dilated cardiomyopathy, myelosuppression, alopecia, red urine",Intravenous,"A widely used anthracycline known colloquially as the ""Red Devil"" due to its color and severe side effects."
125973,Paclitaxel,Microtubule stabilizer,Tubulin,Chemotherapy,"Breast cancer, Ovarian cancer, Non-small cell lung cancer","Peripheral neuropathy, neutropenia, alopecia, hypersensitivity",Intravenous,"A taxane derived from the Pacific yew tree that stabilizes microtubules, preventing cellular division."
141540,Etoposide,Topoisomerase II inhibitor,TOP2A,Chemotherapy,"Testicular cancer, Small cell lung cancer","Myelosuppression, alopecia, nausea, secondary leukemias","Oral, Intravenous","A topoisomerase II inhibitor that causes DNA strand breaks, often combined with platinum agents."
713563,Exemestane,Aromatase inhibitor,CYP19A1,Hormone Therapy,"Breast cancer (ER-positive, postmenopausal)","Hot flashes, joint pain, osteoporosis, fatigue",Oral,"An irreversible, steroidal aromatase inhibitor that prevents the conversion of androgens to estrogens."
721517,Zoledronic acid,Bisphosphonate/FPPS inhibitor,FDPS,Bone-modifying agent,"Multiple myeloma, Bone metastases, Hypercalcemia of malignancy","Osteonecrosis of the jaw, renal toxicity, flu-like symptoms",Intravenous,A potent bisphosphonate that inhibits osteoclast-mediated bone resorption.
715055,Gefitinib,EGFR inhibitor,EGFR,Targeted Therapy,Non-small cell lung cancer (EGFR-mutated),"Acneiform rash, diarrhea, interstitial lung disease",Oral,A first-generation EGFR tyrosine kinase inhibitor used in lung cancers with specific EGFR mutations.
740,Methotrexate,Antifolate,DHFR,Chemotherapy,"Rheumatoid arthritis, Psoriasis, ALL, Osteosarcoma","Hepatotoxicity, myelosuppression, pulmonary fibrosis, mucositis","Oral, Intravenous, Intrathecal, Subcutaneous",A cornerstone antifolate drug used across oncology and rheumatology; toxicity can be rescued with leucovorin.
749226,Abiraterone,CYP17A1 inhibitor,CYP17A1,Hormone Therapy,Prostate cancer (metastatic castration-resistant),"Hypertension, hypokalemia, edema, hepatotoxicity",Oral,"An androgen biosynthesis inhibitor that blocks CYP17A1, usually given with prednisone to prevent adrenal insufficiency."
628503,Docetaxel,Microtubule stabilizer,Tubulin,Chemotherapy,"Breast cancer, Prostate cancer, Non-small cell lung cancer","Neutropenia, fluid retention, peripheral neuropathy, alopecia",Intravenous,"A potent taxane that prevents microtubule depolymerization, often requiring corticosteroid premedication."
745750,Lapatinib ditosylate,EGFR/HER2 inhibitor,"EGFR, HER2",Targeted Therapy,Breast cancer (HER2-positive),"Diarrhea, hepatotoxicity, rash, decreased left ventricular ejection fraction",Oral,A dual tyrosine kinase inhibitor that blocks both EGFR and HER2 pathways.
747971,Sorafenib tosylate,Multikinase inhibitor,"VEGFR, PDGFR, RAF",Targeted Therapy,"Hepatocellular carcinoma, Renal cell carcinoma, Thyroid cancer","Hand-foot syndrome, rash, diarrhea, hypertension",Oral,"A multikinase inhibitor targeting VEGF, PDGF, and RAF kinases to halt tumor angiogenesis and proliferation."
747972,Lenalidomide,Immunomodulatory drug,Cereblon,Immunotherapy,"Multiple myeloma, Myelodysplastic syndromes (MDS)","Myelosuppression, deep vein thrombosis (DVT), teratogenicity",Oral,"A thalidomide analog with enhanced immunomodulatory and anti-angiogenic properties, requiring strict REMS prescribing."
681239,Bortezomib,Proteasome inhibitor,26S Proteasome,Targeted Therapy,"Multiple myeloma, Mantle cell lymphoma","Peripheral neuropathy, thrombocytopenia, fatigue, GI upset","Intravenous, Subcutaneous","The first therapeutic proteasome inhibitor; it disrupts cellular protein degradation, leading to cancer cell death."
241240,Carboplatin,Alkylating agent (Platinum),DNA,Chemotherapy,"Ovarian cancer, Lung cancer","Myelosuppression (especially thrombocytopenia), nausea, nephrotoxicity",Intravenous,A platinum-based alkylating agent similar to cisplatin but with less nephrotoxicity and neurotoxicity.
122758,Tretinoin,Retinoic acid receptor agonist,"RAR alpha, beta, gamma",Differentiation Agent,"Acute promyelocytic leukemia (APL), Acne (topical)","Retinoic acid syndrome, dry skin, headache, hepatotoxicity","Oral, Topical",A vitamin A derivative that induces differentiation of leukemic promyelocytes into mature granulocytes.
3053,Dactinomycin,RNA synthesis inhibitor,DNA,Chemotherapy,"Wilms tumor, Rhabdomyosarcoma, Ewing sarcoma","Myelosuppression, severe nausea, mucositis, alopecia",Intravenous,"An antitumor antibiotic that binds DNA and inhibits RNA transcription, primarily used in pediatric solid tumors."
747599,Nilotinib,Tyrosine kinase inhibitor,BCR-ABL,Targeted Therapy,Chronic myeloid leukemia (CML),"QT prolongation, rash, headache, myelosuppression",Oral,"A second-generation BCR-ABL inhibitor used for CML, particularly when resistance to imatinib develops."
180973,Tamoxifen citrate,Selective estrogen receptor modulator (SERM),ESR1,Hormone Therapy,Breast cancer (ER-positive),"Hot flashes, deep vein thrombosis (DVT), endometrial cancer risk",Oral,"A SERM that is an estrogen antagonist in the breast but an agonist in the uterus, widely used for breast cancer prevention and treatment."
732517,Dasatinib,Bcr-Abl/Src inhibitor,"BCR-ABL, SRC",Targeted Therapy,"Chronic myeloid leukemia (CML), ALL (Ph-positive)","Pleural effusion, myelosuppression, bleeding, fluid retention",Oral,A highly potent second-generation tyrosine kinase inhibitor targeting BCR-ABL and SRC families.
760766,Vandetanib,Multikinase inhibitor,"VEGFR, EGFR, RET",Targeted Therapy,Medullary thyroid cancer,"QT prolongation, diarrhea, rash, hypertension",Oral,"A kinase inhibitor that targets RET, VEGFR, and EGFR, requiring strict EKG monitoring."
226080,Sirolimus,mTOR inhibitor,mTORC1,Immunosuppressant,"Kidney transplant rejection prophylaxis, Lymphangioleiomyomatosis","Impaired wound healing, hyperlipidemia, myelosuppression, mouth ulcers",Oral,An mTOR inhibitor (also known as rapamycin) that suppresses T-cell activation; avoids the nephrotoxicity seen in calcineurin inhibitors.
750690,Sunitinib,Multikinase inhibitor,"VEGFR, PDGFR, KIT",Targeted Therapy,"Renal cell carcinoma, Gastrointestinal stromal tumors (GIST)","Fatigue, hypertension, hand-foot syndrome, hypothyroidism",Oral,A targeted multikinase inhibitor that restricts tumor blood supply and growth.
754143,Romidepsin,HDAC inhibitor,"HDAC1, HDAC2",Targeted Therapy,Cutaneous T-cell lymphoma (CTCL),"Nausea, fatigue, infections, ECG changes",Intravenous,A cyclic depsipeptide HDAC inhibitor that induces cell cycle arrest and apoptosis in T-cell lymphomas.
67574,Vincristine sulfate,Microtubule disruptor,Tubulin,Chemotherapy,"Acute lymphoblastic leukemia (ALL), Lymphomas, Neuroblastoma","Peripheral neuropathy, paralytic ileus, alopecia (spares bone marrow)",Intravenous,A vinca alkaloid that halts cell division; distinct among chemotherapies for its lack of severe myelosuppression.
733504,Everolimus,mTOR inhibitor,mTORC1,Targeted Therapy,"Breast cancer, Renal cell carcinoma, Neuroendocrine tumors","Stomatitis, immunosuppression, pneumonitis, hyperglycemia",Oral,An mTOR inhibitor that blocks a crucial pathway for cell growth and angiogenesis.
757441,Axitinib,VEGFR inhibitor,"VEGFR1, VEGFR2, VEGFR3",Targeted Therapy,Renal cell carcinoma,"Hypertension, diarrhea, fatigue, dysphonia",Oral,"A highly selective, potent VEGFR inhibitor used primarily as second-line therapy for advanced kidney cancer."
756645,Crizotinib,ALK/ROS1 inhibitor,"ALK, ROS1, MET",Targeted Therapy,Non-small cell lung cancer (ALK or ROS1 positive),"Vision disorders, nausea, edema, elevated transaminases",Oral,A targeted therapy specifically designed for lung cancers driven by ALK or ROS1 gene rearrangements.
761431,Vemurafenib,BRAF inhibitor,BRAF V600E,Targeted Therapy,Melanoma (BRAF V600E mutated),"Squamous cell carcinoma of the skin, photosensitivity, arthralgia",Oral,A targeted inhibitor that interrupts the BRAF/MEK step on the MAP kinase pathway in specific melanomas.
71423,Megestrol acetate,Progestin,Progesterone receptor,Hormone Therapy,"Cachexia/anorexia (HIV or cancer), Breast/Endometrial cancer","Weight gain, thromboembolism, edema, hyperglycemia",Oral,A synthetic progestin primarily utilized as an appetite stimulant in patients with severe wasting syndromes.
3088,Chlorambucil,Alkylating agent,DNA,Chemotherapy,"Chronic lymphocytic leukemia (CLL), Lymphomas","Myelosuppression, secondary malignancies, infertility",Oral,"A well-tolerated, oral nitrogen mustard alkylating agent used for indolent lymphomas and leukemias."
763371,Ruxolitinib,JAK inhibitor,"JAK1, JAK2",Targeted Therapy,"Myelofibrosis, Polycythemia vera, Graft-versus-host disease","Thrombocytopenia, anemia, increased infection risk",Oral,A JAK1/JAK2 inhibitor that reduces spleen size and systemic symptoms in myeloproliferative neoplasms.
26271,Cyclophosphamide,Alkylating agent,DNA,Chemotherapy,"Breast cancer, Lymphomas, Leukemias, Autoimmune disorders","Hemorrhagic cystitis, myelosuppression, alopecia, infertility","Oral, Intravenous",A versatile alkylating agent; requires aggressive hydration and mesna to prevent toxic bladder damage.
14229,Quinacrine hydrochloride,Antimalarial/NF-kB inhibitor,"DNA, NF-kB",Miscellaneous,"Giardiasis, Lupus erythematosus (historical uses)","Yellow skin discoloration, psychosis, dizziness",Oral,An older antimalarial and anthelmintic agent occasionally used in specialized rheumatologic or oncologic contexts.
613327,Gemcitabine hydrochloride,Antimetabolite,"RRM1, DNA",Chemotherapy,"Pancreatic cancer, Non-small cell lung cancer, Bladder cancer","Myelosuppression, flu-like symptoms, peripheral edema",Intravenous,"A nucleoside analog highly effective against solid tumors, often the backbone of pancreatic cancer therapy."
719345,Letrozole,Aromatase inhibitor,CYP19A1,Hormone Therapy,"Breast cancer (ER-positive, postmenopausal), Infertility (off-label)","Hot flashes, joint pain, osteoporosis, fatigue",Oral,A non-steroidal aromatase inhibitor that aggressively suppresses estrogen levels in postmenopausal women.
102816,Azacitidine,DNA methyltransferase inhibitor,"DNMT1, DNMT3A, DNMT3B",Epigenetic Therapy,"Myelodysplastic syndromes (MDS), Acute myeloid leukemia (AML)","Myelosuppression, injection site reactions, nausea","Subcutaneous, Intravenous",A hypomethylating agent that restores normal function to genes critical for differentiation and proliferation.
279836,Mitoxantrone,Topoisomerase II inhibitor,"TOP2A, DNA",Chemotherapy,"Prostate cancer, Multiple sclerosis, AML","Cardiotoxicity, myelosuppression, blue-green urine/sclera",Intravenous,An anthracenedione similar to doxorubicin but generally with slightly less cardiotoxicity; causes blue discoloration.
712807,Capecitabine,Antimetabolite,Thymidylate synthase,Chemotherapy,"Colorectal cancer, Breast cancer","Hand-foot syndrome, diarrhea, stomatitis, nausea",Oral,"An oral prodrug of 5-fluorouracil, highly convenient for patients but notoriously causes painful red palms and soles."
63878,Cytarabine hydrochloride,Antimetabolite,DNA polymerase,Chemotherapy,"Acute myeloid leukemia (AML), ALL","Myelosuppression, cerebellar toxicity (at high doses), conjunctivitis","Intravenous, Subcutaneous, Intrathecal",An antimetabolite (ara-C) central to AML induction regimens; high doses require neurologic monitoring.
409962,Carmustine,Alkylating agent,DNA,Chemotherapy,"Brain tumors, Hodgkin lymphoma, Multiple myeloma","Delayed profound myelosuppression, pulmonary toxicity, nausea","Intravenous, Implantable wafer",A highly lipophilic nitrosourea alkylating agent that easily crosses the blood-brain barrier.
718781,Erlotinib hydrochloride,EGFR inhibitor,EGFR,Targeted Therapy,"Non-small cell lung cancer (EGFR mutated), Pancreatic cancer","Acneiform rash, diarrhea, fatigue, interstitial lung disease",Oral,An EGFR inhibitor where the presence and severity of the resulting skin rash often correlates with drug efficacy.
266046,Oxaliplatin,Alkylating agent (Platinum),DNA,Chemotherapy,Colorectal cancer,"Cold-induced peripheral neuropathy, myelosuppression, nausea",Intravenous,"A platinum compound famous for causing a unique, cold-aggravated neuropathy in the hands and throat."
1390,Allopurinol,Xanthine oxidase inhibitor,Xanthine oxidase,Uric acid reducer,"Gout, Tumor lysis syndrome prevention","Rash (Stevens-Johnson syndrome risk), hepatotoxicity, GI upset","Oral, Intravenous",A xanthine oxidase inhibitor crucial for preventing uric acid nephropathy during massive cancer cell destruction.
125066,Bleomycin sulfate,DNA damaging agent,DNA,Chemotherapy,"Testicular cancer, Hodgkin lymphoma","Pulmonary fibrosis, hyperpigmentation, fever (spares bone marrow)","Intravenous, Intramuscular, Subcutaneous",An antibiotic chemotherapeutic uniquely known for severe pulmonary toxicity while completely sparing the bone marrow.
256942,4'-Epiadriamycin,Topoisomerase II inhibitor,"TOP2A, DNA",Chemotherapy,"Breast cancer, Gastric cancer","Cardiotoxicity, myelosuppression, alopecia, red urine",Intravenous,Also known as Epirubicin; an epimer of doxorubicin designed to retain efficacy while slightly reducing cardiac risks.
27640,Floxuridine,Antimetabolite,Thymidylate synthase,Chemotherapy,Colorectal cancer with hepatic metastases,"GI ulceration, hepatotoxicity, myelosuppression",Intra-arterial,A pyrimidine analog usually administered directly into the hepatic artery for targeted treatment of liver metastases.
49842,Vinblastine sulfate,Microtubule disruptor,Tubulin,Chemotherapy,"Hodgkin lymphoma, Testicular cancer","Myelosuppression (dose-limiting), alopecia, mild neuropathy",Intravenous,A vinca alkaloid that causes significantly more myelosuppression but less neurotoxicity than its chemical cousin vincristine.
109724,Ifosfamide,Alkylating agent,DNA,Chemotherapy,"Testicular cancer, Sarcomas, Lymphomas","Hemorrhagic cystitis, neurotoxicity (encephalopathy), myelosuppression",Intravenous,An analog of cyclophosphamide requiring co-administration with mesna to prevent severe hemorrhagic cystitis.
719276,Fulvestrant,Estrogen receptor antagonist,ESR1,Hormone Therapy,"Breast cancer (ER-positive, advanced)","Injection site pain, hot flashes, bone pain",Intramuscular,A selective estrogen receptor down-regulator (SERD) that binds to and degrades the estrogen receptor.
609699,Topotecan hydrochloride,Topoisomerase I inhibitor,TOP1,Chemotherapy,"Ovarian cancer, Small cell lung cancer, Cervical cancer","Severe myelosuppression, diarrhea, fatigue, alopecia","Intravenous, Oral",A water-soluble topoisomerase I inhibitor derived from camptothecin.
750,Busulfan,Alkylating agent,DNA,Chemotherapy,"Chronic myeloid leukemia (historical), Stem cell transplant conditioning","Pulmonary fibrosis (""busulfan lung""), profound myelosuppression, hyperpigmentation","Oral, Intravenous",A potent alkylating agent used heavily in preparative regimens for bone marrow transplantation.
719344,Anastrozole,Aromatase inhibitor,CYP19A1,Hormone Therapy,"Breast cancer (ER-positive, postmenopausal)","Joint pain/stiffness, osteoporosis, hot flashes",Oral,A non-steroidal aromatase inhibitor that is a standard of care for postmenopausal women with hormone-sensitive breast cancer.
119875,Cisplatin,DNA damaging agent,DNA,Chemotherapy,"Testicular, Ovarian, Bladder, Lung, and Head/Neck cancers","Severe nephrotoxicity, ototoxicity, severe nausea/vomiting, peripheral neuropathy",Intravenous,A highly effective but toxic platinum agent; requires massive IV hydration to protect the kidneys.
85998,Streptozocin,Alkylating agent,DNA,Chemotherapy,Pancreatic islet cell tumors,"Nephrotoxicity, severe nausea, hypoglycemia",Intravenous,A naturally occurring nitrosourea specifically toxic to the beta cells of the pancreas.
8806,Melphalan,Alkylating agent,DNA,Chemotherapy,"Multiple myeloma, Ovarian cancer","Myelosuppression, secondary leukemia, mucositis","Oral, Intravenous",A nitrogen mustard alkylating agent frequently used as high-dose conditioning therapy prior to stem cell transplants.
92859,Arsenic trioxide,Apoptosis inducer,PML-RARA,Chemotherapy,Acute promyelocytic leukemia (APL),"QT prolongation, differentiation syndrome, neuropathy",Intravenous,"An ancient poison repurposed to induce differentiation and apoptosis in APL, often combined with ATRA."
755,Mercaptopurine,Antimetabolite,Purine synthesis enzymes,Chemotherapy,"Acute lymphoblastic leukemia (ALL), Inflammatory bowel disease","Myelosuppression, hepatotoxicity, nausea",Oral,A purine analog whose metabolism is heavily dependent on TPMT genetics; allopurinol severely increases its toxicity.
19893,Fluorouracil,Antimetabolite,Thymidylate synthase,Chemotherapy,"Colorectal, Breast, and Gastric cancers","Diarrhea, mucositis, myelosuppression, hand-foot syndrome","Intravenous, Topical",A core antimetabolite (5-FU) often given with leucovorin to enhance its binding to thymidylate synthase.
761432,Cabazitaxel,Microtubule stabilizer,Tubulin,Chemotherapy,Prostate cancer (castration-resistant),"Severe neutropenia, diarrhea, peripheral neuropathy",Intravenous,A next-generation taxane designed specifically to overcome resistance developed against docetaxel.
105014,Cladribine,Antimetabolite,"Ribonucleotide reductase, DNA polymerase",Chemotherapy,"Hairy cell leukemia, Multiple sclerosis","Profound immunosuppression, myelosuppression, opportunistic infections",Intravenous,"A purine analog that is highly toxic to lymphocytes, leading to long-lasting depletion of T-cells and B-cells."
755986,Vismodegib,Hedgehog pathway inhibitor,SMO,Targeted Therapy,Basal cell carcinoma,"Muscle spasms, alopecia, dysgeusia (taste changes), weight loss",Oral,A first-in-class Hedgehog signaling pathway inhibitor used for advanced or metastatic basal cell skin cancer.
26980,Mitomycin,Alkylating agent,DNA,Chemotherapy,"Anal cancer, Bladder cancer","Delayed myelosuppression, hemolytic uremic syndrome (HUS), pulmonary toxicity","Intravenous, Intravesical","An antitumor antibiotic that acts as an alkylating agent, often given topically inside the bladder for superficial cancer."
118218,Fludarabine,Antimetabolite,"DNA polymerase, Ribonucleotide reductase",Chemotherapy,Chronic lymphocytic leukemia (CLL),"Profound immunosuppression, myelosuppression, opportunistic infections","Intravenous, Oral","A purine analog that severely depletes CD4 T-cells, requiring prophylactic antibiotics against PCP and shingles."
127716,Decitabine,DNA methyltransferase inhibitor,"DNMT1, DNMT3A, DNMT3B",Epigenetic Therapy,"Myelodysplastic syndromes (MDS), Acute myeloid leukemia (AML)","Myelosuppression, fever, nausea",Intravenous,"A hypomethylating agent that incorporates into DNA and inhibits DNA methyltransferase, activating tumor suppressor genes."
606869,Clofarabine,Antimetabolite,"DNA polymerase, Ribonucleotide reductase",Chemotherapy,Acute lymphoblastic leukemia (pediatric ALL),"Myelosuppression, hepatotoxicity, systemic inflammatory response syndrome (SIRS)",Intravenous,A second-generation purine nucleoside analog designed to incorporate the best features of fludarabine and cladribine.
256439,Idarubicin hydrochloride,Topoisomerase II inhibitor,"TOP2A, DNA",Chemotherapy,Acute myeloid leukemia (AML),"Myelosuppression, cardiotoxicity, nausea, alopecia",Intravenous,"An anthracycline with higher lipophilicity than doxorubicin, increasing cellular uptake in leukemic cells."
608210,Vinorelbine tartrate,Microtubule disruptor,Tubulin,Chemotherapy,"Non-small cell lung cancer, Breast cancer","Neutropenia, peripheral neuropathy, injection site reactions","Intravenous, Oral",A semi-synthetic vinca alkaloid used widely in lung cancer for its slightly better toxicity profile compared to vinblastine.
6396,Thiotepa,Alkylating agent,DNA,Chemotherapy,"Breast, Ovarian, Bladder cancers, Transplant conditioning","Myelosuppression, cognitive impairment, skin toxicity","Intravenous, Intravesical","An alkylating agent that is excreted in sweat, requiring patients to shower frequently to prevent severe chemical skin burns."
752,Thioguanine,Antimetabolite,Purine synthesis enzymes,Chemotherapy,Acute myeloid leukemia (AML),"Myelosuppression, hepatotoxicity (veno-occlusive disease)",Oral,"A purine analog closely related to mercaptopurine, used primarily in remission induction or consolidation in AML."
747973,Ixabepilone,Microtubule stabilizer,Tubulin,Chemotherapy,Breast cancer (advanced or resistant),"Peripheral neuropathy, neutropenia, fatigue",Intravenous,An epothilone class microtubule stabilizer used when tumors have become resistant to standard taxanes like paclitaxel.
698037,Pemetrexed Disodium,Antifolate,"TS, DHFR, GARFT",Chemotherapy,"Non-small cell lung cancer (non-squamous), Mesothelioma","Myelosuppression, skin rash, fatigue",Intravenous,A multi-targeted antifolate that requires patients to take B12 and folic acid supplements to prevent severe toxicity.
45388,Dacarbazine,Alkylating agent,DNA,Chemotherapy,"Hodgkin lymphoma, Melanoma","Profound nausea and vomiting, myelosuppression, flu-like syndrome",Intravenous,An alkylating agent famous for its severe emetogenic potential; a core component of the ABVD regimen for Hodgkin lymphoma.
38721,Mitotane,Adrenolytic agent,Unknown,Chemotherapy,Adrenocortical carcinoma,"Adrenal insufficiency, CNS toxicity (lethargy), GI upset",Oral,"A direct adrenal cytotoxin related to the pesticide DDT, requiring patients to receive lifelong steroid replacement therapy."
673596,7-Ethyl-10-hydroxycamptothecin,Topoisomerase I inhibitor,TOP1,Chemotherapy,Colorectal cancer (as Irinotecan active metabolite),"Severe diarrhea (early and late), myelosuppression",Intravenous,Also known as SN-38; the highly active metabolite of irinotecan responsible for both its anti-tumor activity and severe gastrointestinal toxicity.
737754,Pazopanib hydrochloride,Multikinase inhibitor,"VEGFR, PDGFR, KIT",Targeted Therapy,"Renal cell carcinoma, Soft tissue sarcoma","Hepatotoxicity, hypertension, diarrhea, hair color changes",Oral,An angiogenesis inhibitor known to cause depigmentation of the hair and severe liver enzyme elevations.
707389,Eribulin mesylate,Microtubule dynamics inhibitor,Tubulin,Chemotherapy,"Breast cancer, Liposarcoma","Neutropenia, peripheral neuropathy, fatigue",Intravenous,A microtubule dynamics inhibitor structurally derived from a compound found in a marine sea sponge.
138783,Bendamustine hydrochloride,Alkylating agent,DNA,Chemotherapy,"Chronic lymphocytic leukemia (CLL), Non-Hodgkin lymphoma","Myelosuppression, infusion reactions, skin rash",Intravenous,A unique chemotherapy drug that possesses both the properties of an alkylating agent and a purine analog.